{"cameraMode":{"drawMode":0,"name":"Shaded","section":"Shading Mode"},"sceneLighting":true,"audioPlay":false,"sceneViewState":{"m_AlwaysRefresh":false,"showFog":true,"showSkybox":true,"showFlares":true,"showImageEffects":true,"showParticleSystems":true,"showVisualEffectGraphs":true,"m_FxEnabled":true},"in2DMode":false,"pivot":{"x":377.62890625,"y":201.83114624023438,"z":3.826540470123291},"rotation":{"x":0.07222753018140793,"y":0.00029634637758135796,"z":0.000021910258510615677,"w":-0.9973872900009155},"size":218.8883514404297,"orthographic":false}